id_trabajo,modalidad,industria,rol,empresa_tamano,horas_semanales
1,Hybrid,Healthcare,Unknown,Unknown,47
2,Remote,IT,Unknown,Unknown,52
3,Hybrid,Education,Unknown,Unknown,46
4,Onsite,Finance,Unknown,Unknown,32
5,Onsite,Consulting,Unknown,Unknown,35
6,Hybrid,IT,Unknown,Unknown,39
7,Remote,IT,Unknown,Unknown,51
8,Onsite,Manufacturing,Unknown,Unknown,54
9,Hybrid,Healthcare,Unknown,Unknown,24
10,Hybrid,IT,Unknown,Unknown,57
11,Remote,Finance,Unknown,Unknown,48
12,Hybrid,Consulting,Unknown,Unknown,26
13,Remote,Consulting,Unknown,Unknown,21
14,Hybrid,Manufacturing,Unknown,Unknown,45
15,Remote,Retail,Unknown,Unknown,59
16,Remote,Healthcare,Unknown,Unknown,44
17,Onsite,Education,Unknown,Unknown,52
18,Onsite,Consulting,Unknown,Unknown,37
19,Remote,IT,Unknown,Unknown,36
20,Remote,Consulting,Unknown,Unknown,59
21,Hybrid,Retail,Unknown,Unknown,21
22,Onsite,Education,Unknown,Unknown,54
23,Onsite,Finance,Unknown,Unknown,57
24,Onsite,Consulting,Unknown,Unknown,22
25,Remote,Finance,Unknown,Unknown,54
26,Onsite,Healthcare,Unknown,Unknown,21
27,Onsite,Retail,Unknown,Unknown,24
28,Onsite,Retail,Unknown,Unknown,56
29,Onsite,IT,Unknown,Unknown,33
30,Remote,Healthcare,Unknown,Unknown,25
31,Onsite,IT,Unknown,Unknown,20
32,Hybrid,Manufacturing,Unknown,Unknown,33
33,Remote,Manufacturing,Unknown,Unknown,20
34,Remote,Healthcare,Unknown,Unknown,26
35,Hybrid,IT,Unknown,Unknown,22
36,Hybrid,Healthcare,Unknown,Unknown,57
37,Onsite,Finance,Unknown,Unknown,30
38,Remote,Healthcare,Unknown,Unknown,47
39,Onsite,IT,Unknown,Unknown,48
40,Hybrid,Consulting,Unknown,Unknown,20
41,Remote,IT,Unknown,Unknown,44
42,Onsite,IT,Unknown,Unknown,29
43,Remote,Finance,Unknown,Unknown,58
44,Remote,Manufacturing,Unknown,Unknown,53
45,Remote,Retail,Unknown,Unknown,23
46,Remote,Retail,Unknown,Unknown,42
47,Remote,Education,Unknown,Unknown,35
48,Remote,Consulting,Unknown,Unknown,39
49,Onsite,Healthcare,Unknown,Unknown,29
50,Onsite,Retail,Unknown,Unknown,37
51,Onsite,Manufacturing,Unknown,Unknown,28
52,Remote,Consulting,Unknown,Unknown,31
53,Onsite,Retail,Unknown,Unknown,26
54,Onsite,Healthcare,Unknown,Unknown,46
55,Hybrid,Education,Unknown,Unknown,55
56,Hybrid,Education,Unknown,Unknown,47
57,Remote,IT,Unknown,Unknown,48
58,Onsite,IT,Unknown,Unknown,49
59,Remote,Manufacturing,Unknown,Unknown,51
60,Remote,IT,Unknown,Unknown,57
61,Hybrid,Consulting,Unknown,Unknown,33
62,Remote,IT,Unknown,Unknown,30
63,Hybrid,Finance,Unknown,Unknown,28
64,Onsite,Healthcare,Unknown,Unknown,31
65,Hybrid,Healthcare,Unknown,Unknown,37
66,Remote,Finance,Unknown,Unknown,31
67,Hybrid,IT,Unknown,Unknown,46
68,Remote,Education,Unknown,Unknown,20
69,Onsite,Manufacturing,Unknown,Unknown,51
70,Remote,Finance,Unknown,Unknown,28
71,Onsite,Consulting,Unknown,Unknown,39
72,Remote,Consulting,Unknown,Unknown,29
73,Onsite,Retail,Unknown,Unknown,30
74,Hybrid,IT,Unknown,Unknown,53
75,Onsite,Consulting,Unknown,Unknown,57
76,Onsite,Retail,Unknown,Unknown,49
77,Onsite,Consulting,Unknown,Unknown,55
78,Remote,Healthcare,Unknown,Unknown,37
79,Hybrid,Consulting,Unknown,Unknown,21
80,Hybrid,Education,Unknown,Unknown,21
81,Onsite,Finance,Unknown,Unknown,44
82,Hybrid,Education,Unknown,Unknown,26
83,Hybrid,Healthcare,Unknown,Unknown,43
84,Hybrid,Retail,Unknown,Unknown,42
85,Hybrid,Finance,Unknown,Unknown,44
86,Onsite,Manufacturing,Unknown,Unknown,27
87,Hybrid,Education,Unknown,Unknown,43
88,Remote,Consulting,Unknown,Unknown,38
89,Hybrid,Healthcare,Unknown,Unknown,38
90,Onsite,Retail,Unknown,Unknown,57
91,Onsite,Manufacturing,Unknown,Unknown,60
92,Remote,Education,Unknown,Unknown,54
93,Onsite,Education,Unknown,Unknown,31
94,Remote,Manufacturing,Unknown,Unknown,54
95,Hybrid,Healthcare,Unknown,Unknown,33
96,Hybrid,IT,Unknown,Unknown,25
97,Hybrid,IT,Unknown,Unknown,45
98,Onsite,Manufacturing,Unknown,Unknown,53
99,Hybrid,Consulting,Unknown,Unknown,46
100,Hybrid,Finance,Unknown,Unknown,60
101,Hybrid,Education,Unknown,Unknown,42
102,Onsite,Healthcare,Unknown,Unknown,60
103,Onsite,IT,Unknown,Unknown,35
104,Hybrid,Healthcare,Unknown,Unknown,44
105,Remote,Healthcare,Unknown,Unknown,50
106,Remote,Finance,Unknown,Unknown,22
107,Hybrid,Education,Unknown,Unknown,29
108,Remote,Finance,Unknown,Unknown,34
109,Remote,Retail,Unknown,Unknown,30
110,Onsite,Retail,Unknown,Unknown,53
111,Remote,Healthcare,Unknown,Unknown,29
112,Onsite,Education,Unknown,Unknown,27
113,Remote,Education,Unknown,Unknown,42
114,Hybrid,Manufacturing,Unknown,Unknown,22
115,Hybrid,Consulting,Unknown,Unknown,34
116,Hybrid,Retail,Unknown,Unknown,48
117,Onsite,Healthcare,Unknown,Unknown,30
118,Onsite,Consulting,Unknown,Unknown,59
119,Remote,Manufacturing,Unknown,Unknown,26
120,Onsite,Retail,Unknown,Unknown,38
121,Onsite,Consulting,Unknown,Unknown,46
122,Hybrid,Retail,Unknown,Unknown,35
123,Remote,Education,Unknown,Unknown,23
124,Remote,Manufacturing,Unknown,Unknown,28
125,Hybrid,Manufacturing,Unknown,Unknown,29
126,Hybrid,Finance,Unknown,Unknown,39
127,Remote,IT,Unknown,Unknown,46
128,Remote,IT,Unknown,Unknown,32
129,Remote,Education,Unknown,Unknown,30
130,Hybrid,Education,Unknown,Unknown,48
131,Onsite,Education,Unknown,Unknown,44
132,Hybrid,Healthcare,Unknown,Unknown,49
133,Hybrid,Manufacturing,Unknown,Unknown,23
134,Onsite,Finance,Unknown,Unknown,33
135,Remote,Consulting,Unknown,Unknown,41
136,Hybrid,Healthcare,Unknown,Unknown,34
137,Remote,Finance,Unknown,Unknown,44
138,Onsite,IT,Unknown,Unknown,52
139,Remote,Consulting,Unknown,Unknown,32
140,Hybrid,Healthcare,Unknown,Unknown,58
141,Remote,Consulting,Unknown,Unknown,26
142,Remote,Consulting,Unknown,Unknown,57
143,Onsite,Healthcare,Unknown,Unknown,20
144,Hybrid,Finance,Unknown,Unknown,26
145,Hybrid,Finance,Unknown,Unknown,43
146,Onsite,Manufacturing,Unknown,Unknown,50
147,Onsite,Healthcare,Unknown,Unknown,52
148,Hybrid,IT,Unknown,Unknown,37
149,Hybrid,Education,Unknown,Unknown,38
150,Hybrid,Consulting,Unknown,Unknown,55
151,Hybrid,Manufacturing,Unknown,Unknown,53
152,Hybrid,Manufacturing,Unknown,Unknown,46
153,Onsite,Education,Unknown,Unknown,30
154,Remote,Retail,Unknown,Unknown,50
155,Hybrid,Manufacturing,Unknown,Unknown,50
156,Onsite,Retail,Unknown,Unknown,45
157,Hybrid,Finance,Unknown,Unknown,25
158,Remote,Manufacturing,Unknown,Unknown,36
159,Onsite,Education,Unknown,Unknown,60
160,Remote,Healthcare,Unknown,Unknown,35
161,Hybrid,Manufacturing,Unknown,Unknown,55
162,Onsite,Finance,Unknown,Unknown,47
163,Hybrid,Education,Unknown,Unknown,22
164,Remote,IT,Unknown,Unknown,43
165,Remote,Consulting,Unknown,Unknown,45
166,Onsite,Healthcare,Unknown,Unknown,56
167,Onsite,IT,Unknown,Unknown,46
168,Hybrid,Manufacturing,Unknown,Unknown,60
169,Hybrid,Manufacturing,Unknown,Unknown,59
170,Onsite,Consulting,Unknown,Unknown,60
171,Hybrid,IT,Unknown,Unknown,43
172,Remote,Education,Unknown,Unknown,33
173,Hybrid,Finance,Unknown,Unknown,20
174,Hybrid,Retail,Unknown,Unknown,27
175,Onsite,Healthcare,Unknown,Unknown,43
176,Onsite,IT,Unknown,Unknown,23
177,Onsite,Education,Unknown,Unknown,29
178,Remote,Education,Unknown,Unknown,47
179,Hybrid,Manufacturing,Unknown,Unknown,40
180,Remote,Retail,Unknown,Unknown,47
181,Remote,Finance,Unknown,Unknown,53
182,Remote,Retail,Unknown,Unknown,40
183,Hybrid,IT,Unknown,Unknown,28
184,Hybrid,Consulting,Unknown,Unknown,39
185,Onsite,IT,Unknown,Unknown,41
186,Onsite,Finance,Unknown,Unknown,21
187,Onsite,IT,Unknown,Unknown,34
188,Remote,Retail,Unknown,Unknown,36
189,Remote,Manufacturing,Unknown,Unknown,32
190,Onsite,Manufacturing,Unknown,Unknown,56
191,Onsite,Manufacturing,Unknown,Unknown,58
192,Onsite,Manufacturing,Unknown,Unknown,35
193,Hybrid,Healthcare,Unknown,Unknown,52
194,Remote,Consulting,Unknown,Unknown,33
195,Remote,Manufacturing,Unknown,Unknown,47
196,Onsite,Education,Unknown,Unknown,56
197,Onsite,Education,Unknown,Unknown,33
198,Remote,Education,Unknown,Unknown,60
199,Hybrid,Manufacturing,Unknown,Unknown,32
200,Onsite,Consulting,Unknown,Unknown,23
201,Hybrid,Retail,Unknown,Unknown,38
202,Remote,Manufacturing,Unknown,Unknown,30
203,Onsite,Retail,Unknown,Unknown,35
204,Remote,Healthcare,Unknown,Unknown,22
205,Onsite,IT,Unknown,Unknown,28
206,Hybrid,Manufacturing,Unknown,Unknown,48
207,Onsite,Healthcare,Unknown,Unknown,34
208,Onsite,Retail,Unknown,Unknown,55
209,Remote,Finance,Unknown,Unknown,23
210,Hybrid,Healthcare,Unknown,Unknown,51
211,Remote,IT,Unknown,Unknown,41
212,Onsite,Education,Unknown,Unknown,58
213,Onsite,Manufacturing,Unknown,Unknown,59
214,Remote,Education,Unknown,Unknown,40
215,Remote,Retail,Unknown,Unknown,56
216,Hybrid,IT,Unknown,Unknown,38
217,Remote,Healthcare,Unknown,Unknown,59
218,Onsite,Manufacturing,Unknown,Unknown,47
219,Remote,Manufacturing,Unknown,Unknown,49
220,Hybrid,Manufacturing,Unknown,Unknown,20
221,Hybrid,Education,Unknown,Unknown,32
222,Hybrid,IT,Unknown,Unknown,23
223,Remote,IT,Unknown,Unknown,22
224,Hybrid,Education,Unknown,Unknown,33
225,Onsite,Retail,Unknown,Unknown,51
226,Remote,Education,Unknown,Unknown,25
227,Onsite,Manufacturing,Unknown,Unknown,40
228,Onsite,Education,Unknown,Unknown,20
229,Onsite,Retail,Unknown,Unknown,34
230,Hybrid,Manufacturing,Unknown,Unknown,58
231,Onsite,Consulting,Unknown,Unknown,26
232,Onsite,Retail,Unknown,Unknown,36
233,Hybrid,Finance,Unknown,Unknown,32
234,Remote,Healthcare,Unknown,Unknown,55
235,Onsite,Consulting,Unknown,Unknown,53
236,Onsite,Finance,Unknown,Unknown,36
237,Remote,Healthcare,Unknown,Unknown,33
238,Onsite,Finance,Unknown,Unknown,39
239,Remote,IT,Unknown,Unknown,24
240,Remote,Healthcare,Unknown,Unknown,28
241,Onsite,Finance,Unknown,Unknown,28
242,Remote,Consulting,Unknown,Unknown,48
243,Remote,Retail,Unknown,Unknown,25
244,Hybrid,IT,Unknown,Unknown,44
245,Hybrid,Education,Unknown,Unknown,31
246,Onsite,Healthcare,Unknown,Unknown,58
247,Hybrid,Healthcare,Unknown,Unknown,26
248,Remote,Finance,Unknown,Unknown,30
249,Remote,Retail,Unknown,Unknown,21
250,Remote,IT,Unknown,Unknown,56
251,Hybrid,Retail,Unknown,Unknown,25
252,Remote,Education,Unknown,Unknown,21
253,Onsite,Finance,Unknown,Unknown,50
254,Hybrid,Manufacturing,Unknown,Unknown,27
255,Onsite,Consulting,Unknown,Unknown,31
256,Hybrid,Finance,Unknown,Unknown,45
257,Onsite,IT,Unknown,Unknown,42
258,Onsite,Finance,Unknown,Unknown,37
259,Onsite,IT,Unknown,Unknown,40
260,Onsite,Retail,Unknown,Unknown,23
261,Remote,Education,Unknown,Unknown,37
262,Onsite,Education,Unknown,Unknown,42
263,Hybrid,Retail,Unknown,Unknown,53
264,Onsite,Education,Unknown,Unknown,48
265,Hybrid,Consulting,Unknown,Unknown,52
266,Hybrid,Finance,Unknown,Unknown,52
267,Onsite,Manufacturing,Unknown,Unknown,49
268,Onsite,Healthcare,Unknown,Unknown,24
269,Onsite,Consulting,Unknown,Unknown,21
270,Remote,Education,Unknown,Unknown,55
271,Remote,Education,Unknown,Unknown,44
272,Onsite,Manufacturing,Unknown,Unknown,24
273,Onsite,IT,Unknown,Unknown,25
274,Hybrid,Education,Unknown,Unknown,40
275,Hybrid,IT,Unknown,Unknown,59
276,Onsite,IT,Unknown,Unknown,22
277,Hybrid,Consulting,Unknown,Unknown,47
278,Hybrid,Finance,Unknown,Unknown,31
279,Remote,Manufacturing,Unknown,Unknown,52
280,Hybrid,Finance,Unknown,Unknown,48
281,Onsite,Finance,Unknown,Unknown,41
282,Remote,Finance,Unknown,Unknown,21
283,Remote,Education,Unknown,Unknown,32
284,Onsite,Finance,Unknown,Unknown,22
285,Hybrid,Consulting,Unknown,Unknown,44
286,Onsite,Manufacturing,Unknown,Unknown,41
287,Remote,Manufacturing,Unknown,Unknown,37
288,Onsite,Healthcare,Unknown,Unknown,54
289,Onsite,Retail,Unknown,Unknown,31
290,Hybrid,Consulting,Unknown,Unknown,53
291,Remote,Healthcare,Unknown,Unknown,58
292,Remote,Finance,Unknown,Unknown,26
293,Remote,Manufacturing,Unknown,Unknown,46
294,Hybrid,Finance,Unknown,Unknown,56
295,Onsite,Retail,Unknown,Unknown,28
296,Onsite,Manufacturing,Unknown,Unknown,22
297,Onsite,IT,Unknown,Unknown,32
298,Hybrid,Consulting,Unknown,Unknown,28
299,Hybrid,IT,Unknown,Unknown,33
300,Remote,Manufacturing,Unknown,Unknown,34
301,Remote,Education,Unknown,Unknown,50
302,Onsite,Healthcare,Unknown,Unknown,28
303,Onsite,Healthcare,Unknown,Unknown,51
304,Remote,Healthcare,Unknown,Unknown,39
305,Hybrid,IT,Unknown,Unknown,34
306,Hybrid,IT,Unknown,Unknown,48
307,Remote,Healthcare,Unknown,Unknown,52
308,Remote,Education,Unknown,Unknown,41
309,Remote,Education,Unknown,Unknown,34
310,Hybrid,Consulting,Unknown,Unknown,41
311,Remote,IT,Unknown,Unknown,50
312,Remote,Consulting,Unknown,Unknown,28
313,Onsite,Retail,Unknown,Unknown,54
314,Remote,Retail,Unknown,Unknown,26
315,Onsite,Retail,Unknown,Unknown,41
316,Onsite,Healthcare,Unknown,Unknown,50
317,Hybrid,Finance,Unknown,Unknown,55
318,Hybrid,Healthcare,Unknown,Unknown,22
319,Hybrid,Manufacturing,Unknown,Unknown,28
320,Remote,IT,Unknown,Unknown,58
321,Onsite,Finance,Unknown,Unknown,35
322,Hybrid,Healthcare,Unknown,Unknown,56
323,Hybrid,Manufacturing,Unknown,Unknown,24
324,Remote,Retail,Unknown,Unknown,31
325,Remote,Finance,Unknown,Unknown,50
326,Remote,Consulting,Unknown,Unknown,27
327,Remote,Healthcare,Unknown,Unknown,43
328,Hybrid,Retail,Unknown,Unknown,30
329,Onsite,Education,Unknown,Unknown,26
330,Hybrid,Healthcare,Unknown,Unknown,30
331,Onsite,Consulting,Unknown,Unknown,47
332,Remote,Education,Unknown,Unknown,38
333,Hybrid,IT,Unknown,Unknown,49
334,Remote,IT,Unknown,Unknown,49
335,Remote,Finance,Unknown,Unknown,37
336,Hybrid,Education,Unknown,Unknown,24
337,Remote,Finance,Unknown,Unknown,33
338,Onsite,Consulting,Unknown,Unknown,41
339,Remote,Consulting,Unknown,Unknown,58
340,Hybrid,Consulting,Unknown,Unknown,42
341,Hybrid,Finance,Unknown,Unknown,23
342,Hybrid,Finance,Unknown,Unknown,41
343,Onsite,Consulting,Unknown,Unknown,33
344,Hybrid,Healthcare,Unknown,Unknown,46
345,Onsite,Education,Unknown,Unknown,55
346,Onsite,Retail,Unknown,Unknown,47
347,Remote,Retail,Unknown,Unknown,22
348,Onsite,Healthcare,Unknown,Unknown,48
349,Onsite,Retail,Unknown,Unknown,40
350,Hybrid,IT,Unknown,Unknown,56
351,Onsite,Manufacturing,Unknown,Unknown,57
352,Remote,Finance,Unknown,Unknown,36
353,Remote,Manufacturing,Unknown,Unknown,58
354,Onsite,Healthcare,Unknown,Unknown,22
355,Onsite,Consulting,Unknown,Unknown,42
356,Onsite,Retail,Unknown,Unknown,20
357,Remote,Healthcare,Unknown,Unknown,20
358,Hybrid,IT,Unknown,Unknown,24
359,Hybrid,Consulting,Unknown,Unknown,22
360,Onsite,Finance,Unknown,Unknown,58
361,Hybrid,IT,Unknown,Unknown,58
362,Hybrid,IT,Unknown,Unknown,27
363,Hybrid,Finance,Unknown,Unknown,24
364,Onsite,IT,Unknown,Unknown,43
365,Remote,Manufacturing,Unknown,Unknown,50
366,Hybrid,Consulting,Unknown,Unknown,35
367,Remote,Retail,Unknown,Unknown,58
368,Hybrid,Retail,Unknown,Unknown,56
369,Hybrid,Manufacturing,Unknown,Unknown,34
370,Remote,Healthcare,Unknown,Unknown,21
371,Hybrid,Finance,Unknown,Unknown,42
372,Onsite,Education,Unknown,Unknown,38
373,Remote,Finance,Unknown,Unknown,40
374,Remote,Education,Unknown,Unknown,24
375,Hybrid,Retail,Unknown,Unknown,28
376,Hybrid,Education,Unknown,Unknown,57
377,Remote,Finance,Unknown,Unknown,41
378,Hybrid,Healthcare,Unknown,Unknown,50
379,Remote,Education,Unknown,Unknown,56
380,Remote,Manufacturing,Unknown,Unknown,59
381,Onsite,IT,Unknown,Unknown,38
382,Remote,Finance,Unknown,Unknown,55
383,Remote,IT,Unknown,Unknown,47
384,Hybrid,Consulting,Unknown,Unknown,45
385,Hybrid,Finance,Unknown,Unknown,46
386,Onsite,Retail,Unknown,Unknown,44
387,Remote,Finance,Unknown,Unknown,24
388,Hybrid,Retail,Unknown,Unknown,55
389,Onsite,Healthcare,Unknown,Unknown,53
390,Hybrid,Healthcare,Unknown,Unknown,31
391,Hybrid,Education,Unknown,Unknown,51
392,Hybrid,Retail,Unknown,Unknown,46
393,Onsite,Retail,Unknown,Unknown,32
394,Hybrid,Retail,Unknown,Unknown,43
395,Remote,Healthcare,Unknown,Unknown,49
396,Hybrid,IT,Unknown,Unknown,50
397,Hybrid,IT,Unknown,Unknown,51
398,Remote,Retail,Unknown,Unknown,55
399,Onsite,Manufacturing,Unknown,Unknown,39
400,Remote,Healthcare,Unknown,Unknown,45
401,Hybrid,Manufacturing,Unknown,Unknown,30
402,Remote,Manufacturing,Unknown,Unknown,27
403,Hybrid,Education,Unknown,Unknown,25
404,Onsite,Retail,Unknown,Unknown,39
405,Hybrid,Manufacturing,Unknown,Unknown,31
406,Remote,Education,Unknown,Unknown,27
407,Hybrid,Retail,Unknown,Unknown,23
408,Remote,Retail,Unknown,Unknown,39
409,Remote,Healthcare,Unknown,Unknown,27
410,Hybrid,Retail,Unknown,Unknown,40
411,Remote,Finance,Unknown,Unknown,25
412,Hybrid,Healthcare,Unknown,Unknown,29
413,Remote,Finance,Unknown,Unknown,57
414,Hybrid,Retail,Unknown,Unknown,34
415,Hybrid,Retail,Unknown,Unknown,20
416,Remote,Education,Unknown,Unknown,57
417,Hybrid,Education,Unknown,Unknown,53
418,Hybrid,Healthcare,Unknown,Unknown,40
419,Remote,Retail,Unknown,Unknown,44
420,Remote,IT,Unknown,Unknown,53
421,Hybrid,Consulting,Unknown,Unknown,54
422,Remote,IT,Unknown,Unknown,23
423,Remote,Finance,Unknown,Unknown,45
424,Remote,Finance,Unknown,Unknown,59
425,Hybrid,IT,Unknown,Unknown,26
426,Onsite,Healthcare,Unknown,Unknown,37
427,Hybrid,Retail,Unknown,Unknown,49
428,Onsite,Healthcare,Unknown,Unknown,44
429,Hybrid,Education,Unknown,Unknown,34
430,Hybrid,Finance,Unknown,Unknown,36
431,Remote,Consulting,Unknown,Unknown,54
432,Remote,Finance,Unknown,Unknown,60
433,Onsite,Healthcare,Unknown,Unknown,45
434,Remote,Education,Unknown,Unknown,36
435,Onsite,Retail,Unknown,Unknown,42
436,Onsite,Consulting,Unknown,Unknown,27
437,Hybrid,Education,Unknown,Unknown,28
438,Remote,Finance,Unknown,Unknown,38
439,Remote,Consulting,Unknown,Unknown,51
440,Hybrid,Healthcare,Unknown,Unknown,28
441,Onsite,Healthcare,Unknown,Unknown,49
442,Hybrid,Healthcare,Unknown,Unknown,32
443,Onsite,Retail,Unknown,Unknown,52
444,Remote,Manufacturing,Unknown,Unknown,38
445,Hybrid,Consulting,Unknown,Unknown,60
446,Remote,IT,Unknown,Unknown,33
447,Remote,IT,Unknown,Unknown,27
448,Hybrid,Retail,Unknown,Unknown,44
449,Hybrid,Retail,Unknown,Unknown,32
450,Onsite,Consulting,Unknown,Unknown,36
451,Onsite,Retail,Unknown,Unknown,50
452,Hybrid,Retail,Unknown,Unknown,36
453,Remote,Finance,Unknown,Unknown,39
454,Remote,Manufacturing,Unknown,Unknown,25
455,Hybrid,Manufacturing,Unknown,Unknown,44
456,Remote,Retail,Unknown,Unknown,37
457,Onsite,IT,Unknown,Unknown,39
458,Hybrid,Consulting,Unknown,Unknown,40
459,Onsite,IT,Unknown,Unknown,53
460,Onsite,Manufacturing,Unknown,Unknown,44
461,Remote,IT,Unknown,Unknown,60
462,Onsite,Finance,Unknown,Unknown,27
463,Remote,IT,Unknown,Unknown,31
464,Onsite,Finance,Unknown,Unknown,49
465,Remote,Retail,Unknown,Unknown,54
466,Hybrid,Retail,Unknown,Unknown,57
467,Onsite,Retail,Unknown,Unknown,59
468,Onsite,IT,Unknown,Unknown,44
469,Onsite,Retail,Unknown,Unknown,60
470,Onsite,Manufacturing,Unknown,Unknown,45
471,Remote,IT,Unknown,Unknown,37
472,Remote,Consulting,Unknown,Unknown,22
473,Onsite,IT,Unknown,Unknown,60
474,Onsite,Education,Unknown,Unknown,40
475,Hybrid,Finance,Unknown,Unknown,54
476,Remote,Manufacturing,Unknown,Unknown,43
477,Remote,Finance,Unknown,Unknown,27
478,Onsite,Healthcare,Unknown,Unknown,57
479,Onsite,Healthcare,Unknown,Unknown,35
480,Hybrid,Manufacturing,Unknown,Unknown,37
481,Remote,Healthcare,Unknown,Unknown,56
482,Remote,Finance,Unknown,Unknown,51
483,Onsite,Consulting,Unknown,Unknown,45
484,Hybrid,Education,Unknown,Unknown,23
485,Remote,IT,Unknown,Unknown,34
486,Remote,Education,Unknown,Unknown,45
487,Hybrid,Retail,Unknown,Unknown,37
488,Remote,Manufacturing,Unknown,Unknown,41
489,Hybrid,Finance,Unknown,Unknown,59
490,Onsite,Healthcare,Unknown,Unknown,39
491,Hybrid,IT,Unknown,Unknown,32
492,Onsite,Finance,Unknown,Unknown,56
493,Onsite,IT,Unknown,Unknown,51
494,Remote,Healthcare,Unknown,Unknown,54
495,Remote,Consulting,Unknown,Unknown,36
496,Remote,Manufacturing,Unknown,Unknown,24
497,Hybrid,Healthcare,Unknown,Unknown,20
498,Onsite,IT,Unknown,Unknown,59
499,Remote,Retail,Unknown,Unknown,57
500,Onsite,Healthcare,Unknown,Unknown,41
501,Onsite,Manufacturing,Unknown,Unknown,25
502,Hybrid,Consulting,Unknown,Unknown,36
503,Onsite,Finance,Unknown,Unknown,38
504,Hybrid,Manufacturing,Unknown,Unknown,21
505,Hybrid,Finance,Unknown,Unknown,47
506,Onsite,IT,Unknown,Unknown,21
507,Remote,IT,Unknown,Unknown,42
508,Remote,Healthcare,Unknown,Unknown,48
509,Onsite,Healthcare,Unknown,Unknown,38
510,Onsite,Finance,Unknown,Unknown,26
511,Remote,Healthcare,Unknown,Unknown,24
512,Remote,Consulting,Unknown,Unknown,53
513,Onsite,Finance,Unknown,Unknown,42
514,Onsite,Education,Unknown,Unknown,59
515,Onsite,Consulting,Unknown,Unknown,20
516,Onsite,Education,Unknown,Unknown,45
517,Remote,Healthcare,Unknown,Unknown,38
518,Hybrid,Manufacturing,Unknown,Unknown,36
519,Hybrid,Healthcare,Unknown,Unknown,35
520,Hybrid,Manufacturing,Unknown,Unknown,41
521,Remote,Retail,Unknown,Unknown,53
522,Remote,Education,Unknown,Unknown,51
523,Onsite,IT,Unknown,Unknown,27
524,Hybrid,Healthcare,Unknown,Unknown,59
525,Onsite,Healthcare,Unknown,Unknown,40
526,Hybrid,Consulting,Unknown,Unknown,57
527,Remote,IT,Unknown,Unknown,25
528,Hybrid,Finance,Unknown,Unknown,57
529,Onsite,Manufacturing,Unknown,Unknown,42
530,Remote,Finance,Unknown,Unknown,56
531,Onsite,Healthcare,Unknown,Unknown,36
532,Onsite,Consulting,Unknown,Unknown,56
533,Onsite,Finance,Unknown,Unknown,25
534,Hybrid,Healthcare,Unknown,Unknown,21
535,Remote,IT,Unknown,Unknown,29
536,Remote,Manufacturing,Unknown,Unknown,56
537,Hybrid,Retail,Unknown,Unknown,26
538,Hybrid,Retail,Unknown,Unknown,39
539,Onsite,Consulting,Unknown,Unknown,28
540,Hybrid,Consulting,Unknown,Unknown,24
541,Onsite,Manufacturing,Unknown,Unknown,55
542,Onsite,Finance,Unknown,Unknown,43
543,Hybrid,Healthcare,Unknown,Unknown,48
544,Hybrid,Manufacturing,Unknown,Unknown,38
545,Remote,Retail,Unknown,Unknown,34
546,Hybrid,Consulting,Unknown,Unknown,48
547,Remote,Manufacturing,Unknown,Unknown,57
548,Hybrid,Finance,Unknown,Unknown,30
549,Onsite,Consulting,Unknown,Unknown,50
550,Hybrid,Manufacturing,Unknown,Unknown,49
551,Remote,Consulting,Unknown,Unknown,35
552,Remote,Education,Unknown,Unknown,26
553,Remote,Consulting,Unknown,Unknown,25
554,Remote,Finance,Unknown,Unknown,46
555,Onsite,IT,Unknown,Unknown,58
556,Onsite,Manufacturing,Unknown,Unknown,26
557,Remote,IT,Unknown,Unknown,54
558,Remote,Consulting,Unknown,Unknown,34
559,Hybrid,IT,Unknown,Unknown,21
560,Remote,Retail,Unknown,Unknown,32
561,Remote,Education,Unknown,Unknown,28
562,Remote,Education,Unknown,Unknown,22
563,Remote,Healthcare,Unknown,Unknown,46
564,Onsite,Manufacturing,Unknown,Unknown,31
565,Hybrid,Retail,Unknown,Unknown,47
566,Onsite,IT,Unknown,Unknown,55
567,Remote,Healthcare,Unknown,Unknown,53
568,Remote,Healthcare,Unknown,Unknown,40
569,Onsite,Manufacturing,Unknown,Unknown,46
570,Onsite,Consulting,Unknown,Unknown,32
571,Remote,Finance,Unknown,Unknown,43
572,Onsite,Healthcare,Unknown,Unknown,26
573,Hybrid,Finance,Unknown,Unknown,50
574,Remote,Retail,Unknown,Unknown,29
575,Hybrid,Healthcare,Unknown,Unknown,53
576,Hybrid,Finance,Unknown,Unknown,22
577,Remote,Retail,Unknown,Unknown,20
578,Remote,Consulting,Unknown,Unknown,43
579,Hybrid,Education,Unknown,Unknown,45
580,Remote,Manufacturing,Unknown,Unknown,60
581,Hybrid,IT,Unknown,Unknown,60
582,Remote,IT,Unknown,Unknown,39
583,Hybrid,IT,Unknown,Unknown,52
584,Remote,Healthcare,Unknown,Unknown,23
585,Remote,IT,Unknown,Unknown,28
586,Remote,Retail,Unknown,Unknown,41
587,Onsite,Education,Unknown,Unknown,25
588,Hybrid,Finance,Unknown,Unknown,49
589,Remote,Manufacturing,Unknown,Unknown,35
590,Hybrid,Healthcare,Unknown,Unknown,60
591,Remote,Retail,Unknown,Unknown,60
592,Onsite,Healthcare,Unknown,Unknown,55
593,Onsite,Consulting,Unknown,Unknown,40
594,Onsite,Manufacturing,Unknown,Unknown,48
595,Onsite,Finance,Unknown,Unknown,20
596,Onsite,Education,Unknown,Unknown,32
597,Hybrid,Consulting,Unknown,Unknown,32
598,Hybrid,Consulting,Unknown,Unknown,59
599,Hybrid,Consulting,Unknown,Unknown,23
600,Hybrid,Retail,Unknown,Unknown,52
601,Onsite,Manufacturing,Unknown,Unknown,23
602,Onsite,Education,Unknown,Unknown,51
603,Hybrid,IT,Unknown,Unknown,29
604,Remote,Consulting,Unknown,Unknown,60
605,Remote,Retail,Unknown,Unknown,28
606,Onsite,Manufacturing,Unknown,Unknown,20
607,Onsite,IT,Unknown,Unknown,26
608,Hybrid,Education,Unknown,Unknown,41
609,Onsite,Consulting,Unknown,Unknown,34
610,Hybrid,Finance,Unknown,Unknown,33
611,Onsite,Education,Unknown,Unknown,49
612,Hybrid,Consulting,Unknown,Unknown,56
613,Remote,Manufacturing,Unknown,Unknown,40
614,Hybrid,Healthcare,Unknown,Unknown,45
615,Hybrid,Consulting,Unknown,Unknown,58
616,Hybrid,Education,Unknown,Unknown,60
617,Remote,Consulting,Unknown,Unknown,46
618,Onsite,Finance,Unknown,Unknown,29
619,Onsite,Consulting,Unknown,Unknown,43
620,Hybrid,Retail,Unknown,Unknown,22
621,Onsite,Education,Unknown,Unknown,39
622,Hybrid,Healthcare,Unknown,Unknown,39
623,Hybrid,Healthcare,Unknown,Unknown,36
624,Onsite,Education,Unknown,Unknown,24
625,Onsite,Finance,Unknown,Unknown,52
626,Hybrid,IT,Unknown,Unknown,54
627,Onsite,Consulting,Unknown,Unknown,52
628,Hybrid,Retail,Unknown,Unknown,50
629,Hybrid,Retail,Unknown,Unknown,59
630,Onsite,Consulting,Unknown,Unknown,58
631,Remote,IT,Unknown,Unknown,45
632,Onsite,Healthcare,Unknown,Unknown,42
633,Remote,Manufacturing,Unknown,Unknown,42
634,Remote,Healthcare,Unknown,Unknown,41
635,Remote,Finance,Unknown,Unknown,29
636,Onsite,Finance,Unknown,Unknown,34
637,Remote,IT,Unknown,Unknown,55
638,Onsite,Finance,Unknown,Unknown,54
639,Onsite,IT,Unknown,Unknown,45
640,Hybrid,Education,Unknown,Unknown,59
641,Remote,Manufacturing,Unknown,Unknown,45
642,Onsite,Education,Unknown,Unknown,28
643,Hybrid,Education,Unknown,Unknown,56
644,Hybrid,Consulting,Unknown,Unknown,29
645,Remote,Retail,Unknown,Unknown,35
646,Onsite,Finance,Unknown,Unknown,23
647,Onsite,Education,Unknown,Unknown,50
648,Onsite,Retail,Unknown,Unknown,21
649,Hybrid,Healthcare,Unknown,Unknown,41
650,Onsite,Healthcare,Unknown,Unknown,32
651,Hybrid,IT,Unknown,Unknown,20
652,Hybrid,Education,Unknown,Unknown,36
653,Hybrid,Finance,Unknown,Unknown,40
654,Hybrid,Manufacturing,Unknown,Unknown,57
655,Remote,Consulting,Unknown,Unknown,49
656,Onsite,Education,Unknown,Unknown,22
657,Remote,Education,Unknown,Unknown,46
658,Hybrid,Retail,Unknown,Unknown,58
659,Hybrid,Healthcare,Unknown,Unknown,25
660,Onsite,Retail,Unknown,Unknown,58
661,Onsite,Manufacturing,Unknown,Unknown,43
662,Onsite,Finance,Unknown,Unknown,48
663,Hybrid,Education,Unknown,Unknown,30
664,Onsite,Consulting,Unknown,Unknown,29
665,Hybrid,Retail,Unknown,Unknown,60
666,Remote,Healthcare,Unknown,Unknown,51
667,Hybrid,Consulting,Unknown,Unknown,43
668,Remote,Healthcare,Unknown,Unknown,32
669,Hybrid,Education,Unknown,Unknown,35
670,Onsite,Consulting,Unknown,Unknown,24
671,Remote,Finance,Unknown,Unknown,32
672,Remote,Manufacturing,Unknown,Unknown,39
673,Remote,Education,Unknown,Unknown,59
674,Hybrid,Consulting,Unknown,Unknown,50
675,Hybrid,Retail,Unknown,Unknown,51
676,Remote,Finance,Unknown,Unknown,47
677,Remote,Consulting,Unknown,Unknown,20
678,Onsite,Education,Unknown,Unknown,23
679,Onsite,Finance,Unknown,Unknown,45
680,Onsite,Manufacturing,Unknown,Unknown,32
681,Remote,IT,Unknown,Unknown,21
682,Remote,Education,Unknown,Unknown,49
683,Remote,Healthcare,Unknown,Unknown,31
684,Onsite,Finance,Unknown,Unknown,59
685,Remote,Manufacturing,Unknown,Unknown,23
686,Onsite,Education,Unknown,Unknown,46
687,Hybrid,IT,Unknown,Unknown,35
688,Hybrid,Retail,Unknown,Unknown,24
689,Remote,Manufacturing,Unknown,Unknown,22
690,Hybrid,Finance,Unknown,Unknown,35
691,Hybrid,IT,Unknown,Unknown,41
692,Hybrid,Finance,Unknown,Unknown,38
693,Remote,Consulting,Unknown,Unknown,56
694,Remote,Education,Unknown,Unknown,43
695,Remote,Education,Unknown,Unknown,39
696,Remote,Retail,Unknown,Unknown,43
697,Hybrid,Finance,Unknown,Unknown,53
698,Hybrid,IT,Unknown,Unknown,42
699,Onsite,Retail,Unknown,Unknown,29
700,Onsite,Consulting,Unknown,Unknown,30
701,Remote,Consulting,Unknown,Unknown,37
702,Hybrid,Finance,Unknown,Unknown,27
703,Remote,Finance,Unknown,Unknown,49
704,Remote,Consulting,Unknown,Unknown,47
705,Remote,Consulting,Unknown,Unknown,50
706,Hybrid,IT,Unknown,Unknown,40
707,Onsite,Consulting,Unknown,Unknown,54
708,Remote,Retail,Unknown,Unknown,33
709,Remote,Education,Unknown,Unknown,31
710,Onsite,Consulting,Unknown,Unknown,38
711,Onsite,IT,Unknown,Unknown,36
712,Onsite,Education,Unknown,Unknown,41
713,Remote,Finance,Unknown,Unknown,42
714,Hybrid,Manufacturing,Unknown,Unknown,54
715,Hybrid,Finance,Unknown,Unknown,58
716,Hybrid,Manufacturing,Unknown,Unknown,35
717,Remote,IT,Unknown,Unknown,26
718,Remote,Healthcare,Unknown,Unknown,36
719,Remote,IT,Unknown,Unknown,59
720,Remote,Retail,Unknown,Unknown,51
721,Hybrid,Consulting,Unknown,Unknown,37
722,Remote,IT,Unknown,Unknown,40
723,Hybrid,Education,Unknown,Unknown,27
724,Hybrid,Retail,Unknown,Unknown,41
725,Hybrid,Finance,Unknown,Unknown,29
726,Remote,Finance,Unknown,Unknown,52
727,Onsite,Education,Unknown,Unknown,37
728,Remote,Manufacturing,Unknown,Unknown,21
729,Onsite,Manufacturing,Unknown,Unknown,21
730,Onsite,Retail,Unknown,Unknown,46
731,Onsite,Education,Unknown,Unknown,21
732,Remote,Finance,Unknown,Unknown,20
733,Onsite,Retail,Unknown,Unknown,22
734,Onsite,Education,Unknown,Unknown,35
735,Hybrid,Finance,Unknown,Unknown,21
736,Remote,Healthcare,Unknown,Unknown,34
737,Hybrid,Retail,Unknown,Unknown,33
738,Onsite,Manufacturing,Unknown,Unknown,38
739,Remote,IT,Unknown,Unknown,38
740,Onsite,Retail,Unknown,Unknown,43
741,Remote,Consulting,Unknown,Unknown,30
742,Hybrid,Manufacturing,Unknown,Unknown,25
743,Onsite,Healthcare,Unknown,Unknown,59
744,Onsite,Manufacturing,Unknown,Unknown,36
745,Remote,Consulting,Unknown,Unknown,42
746,Hybrid,Manufacturing,Unknown,Unknown,56
747,Remote,Healthcare,Unknown,Unknown,30
748,Onsite,Retail,Unknown,Unknown,25
749,Remote,Consulting,Unknown,Unknown,44
750,Remote,Retail,Unknown,Unknown,48
751,Onsite,Healthcare,Unknown,Unknown,47
752,Remote,Healthcare,Unknown,Unknown,42
753,Hybrid,Consulting,Unknown,Unknown,27
754,Remote,IT,Unknown,Unknown,35
755,Hybrid,Healthcare,Unknown,Unknown,55
756,Hybrid,Healthcare,Unknown,Unknown,54
757,Hybrid,Healthcare,Unknown,Unknown,27
758,Hybrid,Consulting,Unknown,Unknown,30
759,Onsite,Manufacturing,Unknown,Unknown,34
760,Remote,Consulting,Unknown,Unknown,52
761,Hybrid,Consulting,Unknown,Unknown,51
762,Hybrid,IT,Unknown,Unknown,47
763,Onsite,Education,Unknown,Unknown,36
764,Remote,Retail,Unknown,Unknown,49
765,Remote,Education,Unknown,Unknown,53
766,Onsite,Finance,Unknown,Unknown,24
767,Onsite,Manufacturing,Unknown,Unknown,33
768,Onsite,IT,Unknown,Unknown,37
769,Onsite,IT,Unknown,Unknown,30
770,Onsite,Consulting,Unknown,Unknown,48
771,Hybrid,Education,Unknown,Unknown,50
772,Remote,IT,Unknown,Unknown,20
773,Remote,Manufacturing,Unknown,Unknown,33
774,Remote,Retail,Unknown,Unknown,24
775,Remote,Consulting,Unknown,Unknown,55
776,Remote,Retail,Unknown,Unknown,45
777,Remote,Retail,Unknown,Unknown,38
778,Remote,Retail,Unknown,Unknown,27
779,Remote,Consulting,Unknown,Unknown,24
780,Hybrid,Retail,Unknown,Unknown,31
781,Onsite,Healthcare,Unknown,Unknown,25
782,Onsite,IT,Unknown,Unknown,31
783,Onsite,Education,Unknown,Unknown,47
784,Onsite,Finance,Unknown,Unknown,31
785,Hybrid,Finance,Unknown,Unknown,51
786,Hybrid,IT,Unknown,Unknown,55
787,Remote,Education,Unknown,Unknown,48
788,Onsite,Finance,Unknown,Unknown,55
789,Onsite,Healthcare,Unknown,Unknown,27
790,Onsite,Consulting,Unknown,Unknown,44
791,Onsite,Retail,Unknown,Unknown,33
792,Remote,Finance,Unknown,Unknown,35
793,Remote,Manufacturing,Unknown,Unknown,31
794,Hybrid,Manufacturing,Unknown,Unknown,43
795,Hybrid,Education,Unknown,Unknown,52
796,Remote,Retail,Unknown,Unknown,46
797,Remote,Manufacturing,Unknown,Unknown,44
798,Onsite,IT,Unknown,Unknown,54
799,Hybrid,Finance,Unknown,Unknown,37
800,Onsite,IT,Unknown,Unknown,57
801,Remote,Education,Unknown,Unknown,29
802,Remote,Manufacturing,Unknown,Unknown,29
803,Hybrid,Manufacturing,Unknown,Unknown,26
804,Hybrid,Education,Unknown,Unknown,20
805,Remote,Healthcare,Unknown,Unknown,57
806,Onsite,Retail,Unknown,Unknown,27
807,Hybrid,Manufacturing,Unknown,Unknown,52
808,Onsite,IT,Unknown,Unknown,56
809,Hybrid,Consulting,Unknown,Unknown,49
810,Remote,Consulting,Unknown,Unknown,40
811,Onsite,Finance,Unknown,Unknown,53
812,Remote,Manufacturing,Unknown,Unknown,48
813,Onsite,Education,Unknown,Unknown,57
814,Remote,Education,Unknown,Unknown,52
815,Hybrid,Retail,Unknown,Unknown,45
816,Onsite,IT,Unknown,Unknown,24
817,Hybrid,IT,Unknown,Unknown,36
818,Hybrid,Finance,Unknown,Unknown,34
819,Hybrid,Education,Unknown,Unknown,44
820,Onsite,Healthcare,Unknown,Unknown,33
821,Hybrid,Retail,Unknown,Unknown,29
822,Hybrid,Education,Unknown,Unknown,39
823,Onsite,Finance,Unknown,Unknown,46
824,Hybrid,Retail,Unknown,Unknown,54
825,Hybrid,Healthcare,Unknown,Unknown,23
826,Onsite,Retail,Unknown,Unknown,48
827,Onsite,IT,Unknown,Unknown,50
828,Onsite,Education,Unknown,Unknown,53
829,Hybrid,Manufacturing,Unknown,Unknown,42
830,Hybrid,Manufacturing,Unknown,Unknown,39
831,Hybrid,IT,Unknown,Unknown,30
832,Hybrid,Healthcare,Unknown,Unknown,42
833,Onsite,Consulting,Unknown,Unknown,49
834,Onsite,Manufacturing,Unknown,Unknown,37
835,Onsite,Healthcare,Unknown,Unknown,23
836,Remote,Retail,Unknown,Unknown,52
837,Onsite,Manufacturing,Unknown,Unknown,52
838,Onsite,Manufacturing,Unknown,Unknown,29
839,Onsite,IT,Unknown,Unknown,47
840,Hybrid,IT,Unknown,Unknown,31
841,Hybrid,Education,Unknown,Unknown,49
842,Remote,Education,Unknown,Unknown,58
843,Remote,Consulting,Unknown,Unknown,23
844,Hybrid,Consulting,Unknown,Unknown,31
845,Hybrid,Education,Unknown,Unknown,54
846,Hybrid,Education,Unknown,Unknown,37
847,Onsite,Education,Unknown,Unknown,43
848,Onsite,Consulting,Unknown,Unknown,25
849,Onsite,Manufacturing,Unknown,Unknown,30
850,Hybrid,Education,Unknown,Unknown,58
851,Hybrid,Consulting,Unknown,Unknown,38
852,Hybrid,Manufacturing,Unknown,Unknown,51
853,Onsite,Consulting,Unknown,Unknown,51
854,Onsite,Finance,Unknown,Unknown,51
855,Hybrid,Manufacturing,Unknown,Unknown,47
856,Onsite,Finance,Unknown,Unknown,60
857,Remote,Manufacturing,Unknown,Unknown,55
858,Onsite,Education,Unknown,Unknown,34
859,Onsite,Finance,Unknown,Unknown,40
860,Remote,Healthcare,Unknown,Unknown,60
861,Hybrid,Consulting,Unknown,Unknown,25
